{
  "_meta": {
    "tag": "cnn_narrow",
    "train_seeds": [
      0,
      1
    ],
    "S_values": [
      1,
      2,
      4,
      8,
      16,
      32,
      64
    ],
    "noise_seeds": [
      1000,
      1001,
      1002
    ],
    "n_test": 10000,
    "total_seconds": 159.65166878700256
  },
  "cnn_narrow": {
    "s0": {
      "tag": "cnn_narrow",
      "seed": 0,
      "det_acc": 0.9778000116348267,
      "ckpt_stored_test_acc": 0.9778,
      "baseline_json_test_acc": 0.9778,
      "det_mismatch_vs_ckpt": 1.163482665766935e-08,
      "det_mismatch_vs_baseline_json": 1.163482665766935e-08,
      "pdnn_acc_by_S": {
        "1": {
          "mean": 0.3510333299636841,
          "std": 0.0032065815161725166,
          "raw": [
            0.3531999886035919,
            0.35339999198913574,
            0.3465000092983246
          ],
          "noise_seeds_used": [
            1000,
            1001,
            1002
          ]
        },
        "2": {
          "mean": 0.39229999979337055,
          "std": 0.004216633957272227,
          "raw": [
            0.39399999380111694,
            0.3865000009536743,
            0.39640000462532043
          ],
          "noise_seeds_used": [
            1000,
            1001,
            1002
          ]
        },
        "4": {
          "mean": 0.41653333107630414,
          "std": 0.0015326050836391321,
          "raw": [
            0.41690000891685486,
            0.41449999809265137,
            0.41819998621940613
          ],
          "noise_seeds_used": [
            1000,
            1001,
            1002
          ]
        },
        "8": {
          "mean": 0.4315333366394043,
          "std": 0.0015326027069530249,
          "raw": [
            0.43050000071525574,
            0.430400013923645,
            0.43369999527931213
          ],
          "noise_seeds_used": [
            1000,
            1001,
            1002
          ]
        },
        "16": {
          "mean": 0.4425666729609172,
          "std": 0.0029408988977399496,
          "raw": [
            0.4408999979496002,
            0.44670000672340393,
            0.4401000142097473
          ],
          "noise_seeds_used": [
            1000,
            1001,
            1002
          ]
        },
        "32": {
          "mean": 0.4466333289941152,
          "std": 0.00108730543402852,
          "raw": [
            0.4481000006198883,
            0.445499986410141,
            0.4462999999523163
          ],
          "noise_seeds_used": [
            1000,
            1001,
            1002
          ]
        },
        "64": {
          "mean": 0.4487333297729492,
          "std": 0.001977092326995258,
          "raw": [
            0.44699999690055847,
            0.4514999985694885,
            0.44769999384880066
          ],
          "noise_seeds_used": [
            1000,
            1001,
            1002
          ]
        }
      },
      "gain_S1_to_S64": 0.09769999980926514,
      "gap_to_det_at_S64": 0.5290666818618774
    },
    "s1": {
      "tag": "cnn_narrow",
      "seed": 1,
      "det_acc": 0.9761000275611877,
      "ckpt_stored_test_acc": 0.9761,
      "baseline_json_test_acc": 0.9761,
      "det_mismatch_vs_ckpt": 2.756118777647032e-08,
      "det_mismatch_vs_baseline_json": 2.756118777647032e-08,
      "pdnn_acc_by_S": {
        "1": {
          "mean": 0.3068333367506663,
          "std": 0.003487439456995827,
          "raw": [
            0.3021000027656555,
            0.31040000915527344,
            0.30799999833106995
          ],
          "noise_seeds_used": [
            1000,
            1001,
            1002
          ]
        },
        "2": {
          "mean": 0.3356666664282481,
          "std": 0.0015860504247394776,
          "raw": [
            0.33399999141693115,
            0.337799996137619,
            0.3352000117301941
          ],
          "noise_seeds_used": [
            1000,
            1001,
            1002
          ]
        },
        "4": {
          "mean": 0.3609333435694377,
          "std": 0.0017613146319744569,
          "raw": [
            0.3594000041484833,
            0.36340001225471497,
            0.36000001430511475
          ],
          "noise_seeds_used": [
            1000,
            1001,
            1002
          ]
        },
        "8": {
          "mean": 0.3765666683514913,
          "std": 0.0014522024900587651,
          "raw": [
            0.37860000133514404,
            0.3758000135421753,
            0.37529999017715454
          ],
          "noise_seeds_used": [
            1000,
            1001,
            1002
          ]
        },
        "16": {
          "mean": 0.387199987967809,
          "std": 0.001373557789773032,
          "raw": [
            0.38659998774528503,
            0.38909998536109924,
            0.38589999079704285
          ],
          "noise_seeds_used": [
            1000,
            1001,
            1002
          ]
        },
        "32": {
          "mean": 0.3911999960740407,
          "std": 0.000860228611416606,
          "raw": [
            0.39010000228881836,
            0.3912999927997589,
            0.3921999931335449
          ],
          "noise_seeds_used": [
            1000,
            1001,
            1002
          ]
        },
        "64": {
          "mean": 0.3937333325544993,
          "std": 0.0002624738954478674,
          "raw": [
            0.39410001039505005,
            0.3935000002384186,
            0.3935999870300293
          ],
          "noise_seeds_used": [
            1000,
            1001,
            1002
          ]
        }
      },
      "gain_S1_to_S64": 0.08689999580383301,
      "gap_to_det_at_S64": 0.5823666950066884
    },
    "_aggregate": {
      "det_acc_mean": 0.9769500195980072,
      "det_acc_std": 0.000849992036819458,
      "gain_S1_to_S64_mean": 0.09229999780654907,
      "gain_S1_to_S64_std": 0.0054000020027160645,
      "gap_to_det_at_S64_mean": 0.5557166884342829,
      "gap_to_det_at_S64_std": 0.02665000657240546,
      "pdnn_acc_by_S_mean": {
        "1": 0.32893333335717523,
        "2": 0.3639833331108093,
        "4": 0.3887333373228709,
        "8": 0.40405000249544776,
        "16": 0.4148833304643631,
        "32": 0.41891666253407794,
        "64": 0.4212333311637243
      },
      "pdnn_acc_by_S_std": {
        "1": 0.02209999660650888,
        "2": 0.02831666668256122,
        "4": 0.027799993753433228,
        "8": 0.02748333414395651,
        "16": 0.027683342496554075,
        "32": 0.02771666646003723,
        "64": 0.027499998609224946
      }
    }
  }
}