{
  "_meta": {
    "tag": "cnn",
    "train_seeds": [
      0,
      1
    ],
    "S_values": [
      1,
      2,
      4,
      8,
      16,
      32,
      64
    ],
    "noise_seeds": [
      1000,
      1001,
      1002
    ],
    "n_test": 10000,
    "total_seconds": 313.82463002204895
  },
  "cnn": {
    "s0": {
      "tag": "cnn",
      "seed": 0,
      "det_acc": 0.9866999983787537,
      "ckpt_stored_test_acc": 0.9867,
      "baseline_json_test_acc": 0.9867,
      "det_mismatch_vs_ckpt": 1.6212463593845428e-09,
      "det_mismatch_vs_baseline_json": 1.6212463593845428e-09,
      "pdnn_acc_by_S": {
        "1": {
          "mean": 0.1266000047326088,
          "std": 0.0025664510731339065,
          "raw": [
            0.12800000607967377,
            0.12880000472068787,
            0.12300000339746475
          ],
          "noise_seeds_used": [
            1000,
            1001,
            1002
          ]
        },
        "2": {
          "mean": 0.11490000039339066,
          "std": 0.0013928404735618794,
          "raw": [
            0.11540000140666962,
            0.11299999803304672,
            0.11630000174045563
          ],
          "noise_seeds_used": [
            1000,
            1001,
            1002
          ]
        },
        "4": {
          "mean": 0.10660000145435333,
          "std": 0.001349072293019206,
          "raw": [
            0.10670000314712524,
            0.10490000247955322,
            0.10819999873638153
          ],
          "noise_seeds_used": [
            1000,
            1001,
            1002
          ]
        },
        "8": {
          "mean": 0.1022666667898496,
          "std": 0.00046427819647914636,
          "raw": [
            0.10289999842643738,
            0.10180000215768814,
            0.10209999978542328
          ],
          "noise_seeds_used": [
            1000,
            1001,
            1002
          ]
        },
        "16": {
          "mean": 0.10020000239213307,
          "std": 0.00014142023794092902,
          "raw": [
            0.10010000318288803,
            0.10040000081062317,
            0.10010000318288803
          ],
          "noise_seeds_used": [
            1000,
            1001,
            1002
          ]
        },
        "32": {
          "mean": 0.09960000216960907,
          "std": 0.00040824911780267036,
          "raw": [
            0.09960000216960907,
            0.10010000318288803,
            0.09910000115633011
          ],
          "noise_seeds_used": [
            1000,
            1001,
            1002
          ]
        },
        "64": {
          "mean": 0.09886666635672252,
          "std": 0.000329982227699789,
          "raw": [
            0.09849999845027924,
            0.09929999709129333,
            0.09880000352859497
          ],
          "noise_seeds_used": [
            1000,
            1001,
            1002
          ]
        }
      },
      "gain_S1_to_S64": -0.027733338375886277,
      "gap_to_det_at_S64": 0.8878333320220312
    },
    "s1": {
      "tag": "cnn",
      "seed": 1,
      "det_acc": 0.987500011920929,
      "ckpt_stored_test_acc": 0.9875,
      "baseline_json_test_acc": 0.9875,
      "det_mismatch_vs_ckpt": 1.1920928910669204e-08,
      "det_mismatch_vs_baseline_json": 1.1920928910669204e-08,
      "pdnn_acc_by_S": {
        "1": {
          "mean": 0.17203333477179208,
          "std": 0.0010143447365706215,
          "raw": [
            0.1728000044822693,
            0.17270000278949738,
            0.17059999704360962
          ],
          "noise_seeds_used": [
            1000,
            1001,
            1002
          ]
        },
        "2": {
          "mean": 0.17326666911443075,
          "std": 0.0014817380892467177,
          "raw": [
            0.1712000072002411,
            0.17399999499320984,
            0.1746000051498413
          ],
          "noise_seeds_used": [
            1000,
            1001,
            1002
          ]
        },
        "4": {
          "mean": 0.17356666922569275,
          "std": 0.00160069718602703,
          "raw": [
            0.1754000037908554,
            0.1738000065088272,
            0.17149999737739563
          ],
          "noise_seeds_used": [
            1000,
            1001,
            1002
          ]
        },
        "8": {
          "mean": 0.17233332991600037,
          "std": 0.0016819343633164,
          "raw": [
            0.1745000034570694,
            0.1703999936580658,
            0.1720999926328659
          ],
          "noise_seeds_used": [
            1000,
            1001,
            1002
          ]
        },
        "16": {
          "mean": 0.1695666660865148,
          "std": 0.000579274805082577,
          "raw": [
            0.17020000517368317,
            0.1696999967098236,
            0.1687999963760376
          ],
          "noise_seeds_used": [
            1000,
            1001,
            1002
          ]
        },
        "32": {
          "mean": 0.17056666811307272,
          "std": 0.00041899387792975867,
          "raw": [
            0.17000000178813934,
            0.17100000381469727,
            0.17069999873638153
          ],
          "noise_seeds_used": [
            1000,
            1001,
            1002
          ]
        },
        "64": {
          "mean": 0.17193333307902017,
          "std": 0.000543646016935247,
          "raw": [
            0.1712000072002411,
            0.17249999940395355,
            0.1720999926328659
          ],
          "noise_seeds_used": [
            1000,
            1001,
            1002
          ]
        }
      },
      "gain_S1_to_S64": -0.00010000169277191162,
      "gap_to_det_at_S64": 0.8155666788419088
    },
    "_aggregate": {
      "det_acc_mean": 0.9871000051498413,
      "det_acc_std": 0.0004000067710876465,
      "gain_S1_to_S64_mean": -0.013916670034329094,
      "gain_S1_to_S64_std": 0.013816668341557183,
      "gap_to_det_at_S64_mean": 0.85170000543197,
      "gap_to_det_at_S64_std": 0.03613332659006119,
      "pdnn_acc_by_S_mean": {
        "1": 0.14931666975220043,
        "2": 0.14408333475391072,
        "4": 0.14008333534002304,
        "8": 0.13729999835292497,
        "16": 0.13488333423932394,
        "32": 0.1350833351413409,
        "64": 0.13539999971787134
      },
      "pdnn_acc_by_S_std": {
        "1": 0.022716665019591645,
        "2": 0.02918333436052005,
        "4": 0.03348333388566971,
        "8": 0.035033331563075386,
        "16": 0.034683331847190864,
        "32": 0.035483332971731826,
        "64": 0.03653333336114883
      }
    }
  }
}