{
  "_meta": {
    "width": "mid",
    "train_seed": 0,
    "S_values": [
      1,
      4,
      16,
      64
    ],
    "n_bins": 15,
    "conditions": [
      "ideal",
      "k2_rho0",
      "rho0.9",
      "rho1.0"
    ]
  },
  "mid": {
    "s0": {
      "ideal": {
        "1": {
          "mean": 0.05123331508725881,
          "std": 0.0021933428493656143,
          "raw": [
            0.04966027450859546,
            0.052011420270800586,
            0.05186179014891386,
            0.05452318091392517,
            0.04810990959405899
          ],
          "noise_seeds_used": [
            2000,
            2001,
            2002,
            2003,
            2004
          ]
        },
        "4": {
          "mean": 0.12963953027933836,
          "std": 0.0012941140159894102,
          "raw": [
            0.1307087706774473,
            0.1297178603231907,
            0.12713415637463332,
            0.13020544687211513,
            0.13043141714930534
          ],
          "noise_seeds_used": [
            2000,
            2001,
            2002,
            2003,
            2004
          ]
        },
        "16": {
          "mean": 0.16376227670460938,
          "std": 0.0012742390694145164,
          "raw": [
            0.16270449368208648,
            0.16501663248091936,
            0.1622665673226118,
            0.16332900427579877,
            0.16549468576163054
          ],
          "noise_seeds_used": [
            2000,
            2001,
            2002,
            2003,
            2004
          ]
        },
        "64": {
          "mean": 0.17042322183549402,
          "std": 0.0004767251767582836,
          "raw": [
            0.16998102086782452,
            0.17125685770213606,
            0.17002422493994232,
            0.17063510966002943,
            0.17021889600753784
          ],
          "noise_seeds_used": [
            2000,
            2001,
            2002,
            2003,
            2004
          ]
        }
      },
      "k2_rho0": {
        "1": {
          "mean": 0.04429267585337162,
          "std": 0.0031771759516216634,
          "raw": [
            0.04599292395710945,
            0.04449075475484132,
            0.039235385270416735,
            0.048785612875223164,
            0.04295870240926743
          ],
          "noise_seeds_used": [
            2000,
            2001,
            2002,
            2003,
            2004
          ]
        },
        "4": {
          "mean": 0.09651469074249268,
          "std": 0.0011438358505954445,
          "raw": [
            0.0983370818644762,
            0.09676898633986712,
            0.09491456046402455,
            0.09578546614795924,
            0.09676735889613629
          ],
          "noise_seeds_used": [
            2000,
            2001,
            2002,
            2003,
            2004
          ]
        },
        "16": {
          "mean": 0.12373013657361269,
          "std": 0.0011604276999061596,
          "raw": [
            0.12212196510434149,
            0.125205102661252,
            0.12263839898109435,
            0.12446320694833996,
            0.12422200917303562
          ],
          "noise_seeds_used": [
            2000,
            2001,
            2002,
            2003,
            2004
          ]
        },
        "64": {
          "mean": 0.12951285427808762,
          "std": 0.0005161670882929126,
          "raw": [
            0.12964973670691254,
            0.1293524209395051,
            0.12992387162446978,
            0.1285967408686876,
            0.13004150125086306
          ],
          "noise_seeds_used": [
            2000,
            2001,
            2002,
            2003,
            2004
          ]
        }
      },
      "rho0.9": {
        "1": {
          "mean": 0.05123331508725881,
          "std": 0.0021933428493656143,
          "raw": [
            0.04966027450859546,
            0.052011420270800586,
            0.05186179014891386,
            0.05452318091392517,
            0.04810990959405899
          ],
          "noise_seeds_used": [
            2000,
            2001,
            2002,
            2003,
            2004
          ]
        },
        "4": {
          "mean": 0.04365596379727125,
          "std": 0.001980167316848157,
          "raw": [
            0.04240495332628489,
            0.04436192024946213,
            0.04197136406749486,
            0.04229911541640759,
            0.04724246592670679
          ],
          "noise_seeds_used": [
            2000,
            2001,
            2002,
            2003,
            2004
          ]
        },
        "16": {
          "mean": 0.10817261949241161,
          "std": 0.0022433277810092315,
          "raw": [
            0.10654306474328042,
            0.11212153905630112,
            0.1065886983335018,
            0.10636720187962055,
            0.10924259344935416
          ],
          "noise_seeds_used": [
            2000,
            2001,
            2002,
            2003,
            2004
          ]
        },
        "64": {
          "mean": 0.15417095416784285,
          "std": 0.0016717736148138898,
          "raw": [
            0.15622588253170253,
            0.1537879195988178,
            0.15187732439637183,
            0.15592242510169743,
            0.15304121921062472
          ],
          "noise_seeds_used": [
            2000,
            2001,
            2002,
            2003,
            2004
          ]
        }
      },
      "rho1.0": {
        "1": {
          "mean": 0.05123331508725881,
          "std": 0.0021933428493656143,
          "raw": [
            0.04966027450859546,
            0.052011420270800586,
            0.05186179014891386,
            0.05452318091392517,
            0.04810990959405899
          ],
          "noise_seeds_used": [
            2000,
            2001,
            2002,
            2003,
            2004
          ]
        },
        "4": {
          "mean": 0.05045587316244841,
          "std": 0.0014656047250327126,
          "raw": [
            0.05202835302054882,
            0.047815935376286506,
            0.050960715746879576,
            0.05140234531909228,
            0.05007201634943485
          ],
          "noise_seeds_used": [
            2000,
            2001,
            2002,
            2003,
            2004
          ]
        },
        "16": {
          "mean": 0.051170457854270934,
          "std": 0.0018772983797457543,
          "raw": [
            0.05297035580575466,
            0.049813716900348665,
            0.05239587710201741,
            0.048139906802773476,
            0.05253243266046048
          ],
          "noise_seeds_used": [
            2000,
            2001,
            2002,
            2003,
            2004
          ]
        },
        "64": {
          "mean": 0.052697826855182636,
          "std": 0.002814420277889621,
          "raw": [
            0.055577254654467105,
            0.0551939841195941,
            0.05358953240662813,
            0.05108869742900133,
            0.04803966566622257
          ],
          "noise_seeds_used": [
            2000,
            2001,
            2002,
            2003,
            2004
          ]
        }
      }
    }
  }
}