{
  "_meta": {
    "sweeps": 1000000,
    "burn": 10000,
    "sweeps_reduced_from_1M": false,
    "seeds": [
      0,
      1,
      2,
      3,
      4
    ],
    "n_seeds_per_condition": 5,
    "exact_dist": [
      0.003034082760058442,
      0.16565530574664716,
      0.16565530574664716,
      0.16565530574664716,
      0.16565530574664716,
      0.16565530574664716,
      0.16565530574664716,
      0.003034082760058442
    ],
    "exact_dist_state_key": "state index = m0>0*1 + m1>0*2 + m2>0*4 (bit i set iff m_i=+1); states {0,7} aligned, {1..6} frustrated (see groundtruth/triangle.py)",
    "defect_axes": {
      "bitdepth_k": [
        1,
        2,
        3,
        4,
        6,
        8,
        16
      ],
      "bias_b": [
        0.02,
        0.05,
        0.1,
        0.2,
        0.3,
        0.5
      ],
      "correlation_rho": [
        0.25,
        0.5,
        0.75,
        0.9,
        0.95,
        0.99
      ],
      "lfsr_nbits": [
        8,
        16
      ]
    },
    "correctness_checks": {
      "ideal_tv_check": {
        "tv": 0.003970000000000001,
        "pass": true
      },
      "ar1_check": {
        "rho": 0.9,
        "n": 200000,
        "chi2_pass_marginal_uniform": true,
        "chi2_p_value": 0.23853546013342447,
        "measured_lag1_pearson_r": 0.8909456722199086,
        "expected_lag1_pearson_r_gaussian_copula": 0.8914561316801003,
        "pass": true
      },
      "cursor_check": {
        "pass": true
      },
      "all_pass": true
    },
    "calibration_projected_total_seconds": 718.3640695753551,
    "total_runtime_seconds": 765.780305147171,
    "n_runs": 110,
    "note_rho_mechanism": "rho correlates successive Gibbs UPDATE draws (the sampling analog of across-samples correlation), which directly corrupts the Markov chain of this 3-spin sampler. This is a structurally different corruption channel from the feedforward multi-sample case (E3/H3); no equivalence between the two is claimed here, only that both are 'correlated randomness' defects."
  },
  "ideal": {
    "tv_per_seed": [
      0.0008319999999999868,
      0.0008419172399415581,
      0.0007069999999999926,
      0.001355611493294408,
      0.0007630827600584389
    ],
    "tv_mean": 0.000899922298658877,
    "tv_std": 0.00023305567585609,
    "seeds_used": [
      0,
      1,
      2,
      3,
      4
    ],
    "representative_empirical_dist": [
      0.003067,
      0.165765,
      0.165706,
      0.165055,
      0.165612,
      0.166294,
      0.16557,
      0.002931
    ],
    "representative_seed": 0
  },
  "bitdepth": {
    "axis_name": "k",
    "axis_values": [
      1,
      2,
      3,
      4,
      6,
      8,
      16
    ],
    "results": {
      "1": {
        "tv_per_seed": [
          0.006068165520116952,
          0.006068165520116952,
          0.006068165520116952,
          0.0060681655201169655,
          0.006068165520116952
        ],
        "tv_mean": 0.006068165520116954,
        "tv_std": 5.553824967135427e-18,
        "seeds_used": [
          0,
          1,
          2,
          3,
          4
        ],
        "representative_empirical_dist": [
          0.0,
          0.166132,
          0.167561,
          0.166776,
          0.166464,
          0.165752,
          0.167315,
          0.0
        ],
        "representative_seed": 0
      },
      "2": {
        "tv_per_seed": [
          0.006068165520116952,
          0.0060681655201169655,
          0.006068165520116938,
          0.006068165520116938,
          0.006068165520116952
        ],
        "tv_mean": 0.006068165520116948,
        "tv_std": 1.0408340855860843e-17,
        "seeds_used": [
          0,
          1,
          2,
          3,
          4
        ],
        "representative_empirical_dist": [
          0.0,
          0.166563,
          0.166697,
          0.166689,
          0.166903,
          0.166867,
          0.166281,
          0.0
        ],
        "representative_seed": 0
      },
      "3": {
        "tv_per_seed": [
          0.006068165520116952,
          0.006068165520116952,
          0.006068165520116952,
          0.006068165520116952,
          0.006068165520116952
        ],
        "tv_mean": 0.006068165520116952,
        "tv_std": 0.0,
        "seeds_used": [
          0,
          1,
          2,
          3,
          4
        ],
        "representative_empirical_dist": [
          0.0,
          0.166294,
          0.166895,
          0.166273,
          0.166917,
          0.166806,
          0.166815,
          0.0
        ],
        "representative_seed": 0
      },
      "4": {
        "tv_per_seed": [
          0.006068165520116938,
          0.0060681655201169655,
          0.006068165520116952,
          0.0060681655201169655,
          0.0060681655201169655
        ],
        "tv_mean": 0.006068165520116957,
        "tv_std": 1.1107649934270853e-17,
        "seeds_used": [
          0,
          1,
          2,
          3,
          4
        ],
        "representative_empirical_dist": [
          0.0,
          0.166239,
          0.166838,
          0.166438,
          0.167195,
          0.166589,
          0.166701,
          0.0
        ],
        "representative_seed": 0
      },
      "6": {
        "tv_per_seed": [
          0.0011977770134112907,
          0.0010340827600584489,
          0.0011590827600584438,
          0.0014274712667641095,
          0.0015537770134112967
        ],
        "tv_mean": 0.001274438162740718,
        "tv_std": 0.00018889353867406272,
        "seeds_used": [
          0,
          1,
          2,
          3,
          4
        ],
        "representative_empirical_dist": [
          0.002651,
          0.165838,
          0.16603,
          0.165486,
          0.165768,
          0.166183,
          0.165327,
          0.002717
        ],
        "representative_seed": 0
      },
      "8": {
        "tv_per_seed": [
          0.0010582229865887425,
          0.0013926114932944005,
          0.0013096114932943878,
          0.0013779172399415647,
          0.0018619172399415693
        ],
        "tv_mean": 0.001400056090612133,
        "tv_std": 0.0002603426081871271,
        "seeds_used": [
          0,
          1,
          2,
          3,
          4
        ],
        "representative_empirical_dist": [
          0.003254,
          0.165214,
          0.165652,
          0.165727,
          0.166199,
          0.16543,
          0.165267,
          0.003257
        ],
        "representative_seed": 0
      },
      "16": {
        "tv_per_seed": [
          0.0008573057466471723,
          0.0007146942533528518,
          0.0011702229865887092,
          0.0010300000000000005,
          0.0005310000000000176
        ],
        "tv_mean": 0.0008606445973177503,
        "tv_std": 0.00022560950462660533,
        "seeds_used": [
          0,
          1,
          2,
          3,
          4
        ],
        "representative_empirical_dist": [
          0.0031,
          0.166045,
          0.165248,
          0.165495,
          0.165483,
          0.166057,
          0.165565,
          0.003007
        ],
        "representative_seed": 0
      }
    }
  },
  "bias": {
    "axis_name": "b",
    "axis_values": [
      0.02,
      0.05,
      0.1,
      0.2,
      0.3,
      0.5
    ],
    "results": {
      "0.02": {
        "tv_per_seed": [
          0.01144500000000001,
          0.012094999999999998,
          0.011432000000000005,
          0.012036999999999996,
          0.011754000000000007
        ],
        "tv_mean": 0.011752600000000004,
        "tv_std": 0.00028125618215427253,
        "seeds_used": [
          0,
          1,
          2,
          3,
          4
        ],
        "representative_empirical_dist": [
          0.005029,
          0.169532,
          0.168609,
          0.162797,
          0.168275,
          0.162317,
          0.162213,
          0.001228
        ],
        "representative_seed": 0
      },