{
  "_meta": {
    "description": "E6: CNN pool-compatible p-bit order (NoiseConfig.binarize_after_pool=True) -- sanity gate + E3-core sweep. Frozen weights (results/models/cnn_s{0,1}.pt).",
    "train_seeds": [
      0,
      1
    ],
    "n_test": 10000,
    "sanity": {
      "S_values": [
        1,
        2,
        4,
        8,
        16,
        32,
        64
      ],
      "noise_seeds": [
        3000,
        3001,
        3002
      ],
      "gate_gap_max": 0.015,
      "gate_gain_min": 0.03
    },
    "sweep": {
      "S_values": [
        1,
        4,
        16,
        64
      ],
      "noise_seeds": [
        4000,
        4001,
        4002,
        4003,
        4004
      ],
      "rhos": [
        0.0,
        0.9,
        1.0
      ],
      "k": 2,
      "broadcast_modes": [
        "share_per_channel",
        "share_per_position"
      ]
    },
    "sanity_seconds": 161.3019618988037,
    "diagnostic_seconds": 4.212678909301758,
    "task3_ran": false,
    "total_seconds": 165.52203512191772
  },
  "sanity": {
    "per_seed": {
      "s0": {
        "seed": 0,
        "det_acc": 0.9866999983787537,
        "ckpt_stored_test_acc": 0.9867,
        "baseline_json_test_acc": 0.9867,
        "det_mismatch_vs_ckpt": 1.6212463593845428e-09,
        "pdnn_acc_by_S": {
          "1": {
            "mean": 0.5465999841690063,
            "std": 0.002993328789579341,
            "raw": [
              0.5473999977111816,
              0.5497999787330627,
              0.5425999760627747
            ],
            "noise_seeds_used": [
              3000,
              3001,
              3002
            ]
          },
          "2": {
            "mean": 0.6666000088055929,
            "std": 0.0049665628734282315,
            "raw": [
              0.6625999808311462,
              0.6636000275611877,
              0.6736000180244446
            ],
            "noise_seeds_used": [
              3000,
              3001,
              3002
            ]
          },
          "4": {
            "mean": 0.7646999955177307,
            "std": 0.0033176190621046525,
            "raw": [
              0.767799973487854,
              0.7601000070571899,
              0.7662000060081482
            ],
            "noise_seeds_used": [
              3000,
              3001,
              3002
            ]
          },
          "8": {
            "mean": 0.8310666680335999,
            "std": 0.00036816604588874296,
            "raw": [
              0.8310999870300293,
              0.8306000232696533,
              0.8314999938011169
            ],
            "noise_seeds_used": [
              3000,
              3001,
              3002
            ]
          },
          "16": {
            "mean": 0.8677999973297119,
            "std": 0.001632972137716348,
            "raw": [
              0.8697999715805054,
              0.8677999973297119,
              0.8658000230789185
            ],
            "noise_seeds_used": [
              3000,
              3001,
              3002
            ]
          },
          "32": {
            "mean": 0.8901333212852478,
            "std": 0.0007363590736180735,
            "raw": [
              0.88919997215271,
              0.8902000188827515,
              0.890999972820282
            ],
            "noise_seeds_used": [
              3000,
              3001,
              3002
            ]
          },
          "64": {
            "mean": 0.8993333379427592,
            "std": 0.0008956611989423866,
            "raw": [
              0.8996999859809875,
              0.8981000185012817,
              0.9002000093460083
            ],
            "noise_seeds_used": [
              3000,
              3001,
              3002
            ]
          }
        },
        "gain_S1_to_S64": 0.3527333537737528,
        "gap_to_det_at_S64": 0.0873666604359945,
        "seconds": 80.22306680679321
      },
      "s1": {
        "seed": 1,
        "det_acc": 0.987500011920929,
        "ckpt_stored_test_acc": 0.9875,
        "baseline_json_test_acc": 0.9875,
        "det_mismatch_vs_ckpt": 1.1920928910669204e-08,
        "pdnn_acc_by_S": {
          "1": {
            "mean": 0.5344666639963785,
            "std": 0.003194106752429992,
            "raw": [
              0.531499981880188,
              0.5389000177383423,
              0.5329999923706055
            ],
            "noise_seeds_used": [
              3000,
              3001,
              3002
            ]
          },
          "2": {
            "mean": 0.6428333322207133,
            "std": 0.000817835705757619,
            "raw": [
              0.6431999802589417,
              0.6435999870300293,
              0.641700029373169
            ],
            "noise_seeds_used": [
              3000,
              3001,
              3002
            ]
          },
          "4": {
            "mean": 0.7364333271980286,
            "std": 0.0008219357803250312,
            "raw": [
              0.737500011920929,
              0.736299991607666,
              0.7354999780654907
            ],
            "noise_seeds_used": [
              3000,
              3001,
              3002
            ]
          },
          "8": {
            "mean": 0.7930333216985067,
            "std": 0.0011585604714668162,
            "raw": [
              0.7932999730110168,
              0.7943000197410583,
              0.7914999723434448
            ],
            "noise_seeds_used": [
              3000,
              3001,
              3002
            ]
          },
          "16": {
            "mean": 0.8256000081698099,
            "std": 0.002943909382568646,
            "raw": [
              0.8285999894142151,
              0.8216000199317932,
              0.8266000151634216
            ],
            "noise_seeds_used": [
              3000,
              3001,
              3002
            ]
          },
          "32": {
            "mean": 0.8408666650454203,
            "std": 0.0027047129404467922,
            "raw": [
              0.843999981880188,
              0.8374000191688538,
              0.8411999940872192
            ],
            "noise_seeds_used": [
              3000,
              3001,
              3002
            ]
          },
          "64": {
            "mean": 0.8544999758402506,
            "std": 0.001697056904240652,
            "raw": [
              0.8532999753952026,
              0.8568999767303467,
              0.8532999753952026
            ],
            "noise_seeds_used": [
              3000,
              3001,
              3002
            ]
          }
        },
        "gain_S1_to_S64": 0.32003331184387207,
        "gap_to_det_at_S64": 0.13300003608067834,
        "seconds": 80.76916599273682
      }
    },
    "aggregate": {
      "acc_by_S": {
        "1": {
          "mean": 0.5405333240826924,
          "std": 0.006066660086313902
        },
        "2": {
          "mean": 0.6547166705131531,
          "std": 0.011883338292439816
        },
        "4": {
          "mean": 0.7505666613578796,
          "std": 0.014133334159851074
        },
        "8": {
          "mean": 0.8120499948660533,
          "std": 0.01901667316754657
        },
        "16": {
          "mean": 0.8467000027497609,
          "std": 0.021099994579950987
        },
        "32": {
          "mean": 0.865499993165334,
          "std": 0.024633328119913755
        },
        "64": {
          "mean": 0.8769166568915049,
          "std": 0.022416681051254272
        }
      },
      "det_acc_mean": 0.9871000051498413,
      "gain_S1_to_S64_mean": 0.33638333280881244,
      "gap_to_det_at_S64_mean": 0.11018334825833642
    },
    "gate": {
      "gap_max_allowed": 0.015,
      "gain_min_required": 0.03,
      "gap_actual": 0.11018334825833642,
      "gain_actual": 0.33638333280881244,
      "pass": false
    }
  },
  "diagnostic": {
    "n_subset": 2000,
    "S": 64,